dong,month,age_group,총인구,1인가구수,평일 외출이 적은 집단,휴일 외출이 적은 집단,출근소요시간 및 근무시간이 많은 집단,외출이 매우 많은 집단,생활서비스 이용이 많은 집단,lat,lng
녹번동,1,0,6524.0,1078.64,110.48,91.89,89.0,229.69,109.11,37.605314,126.934567
녹번동,1,1,7483.0,1091.55,134.29,70.41,121.19,177.64,95.42,37.605314,126.934567
녹번동,1,2,7082.1,896.02,105.49,63.38,95.16,52.68,93.69,37.605314,126.934567
녹번동,1,3,6080.9,1744.31,249.25,156.22,234.35,12.8,176.99,37.605314,126.934567
녹번동,2,0,6512.0,1076.86,108.98,98.08,93.3,237.48,103.68,37.605314,126.934567
녹번동,2,1,7468.8,1091.17,129.14,64.45,120.54,185.1,93.22,37.605314,126.934567
녹번동,2,2,7157.4,904.52,107.41,67.5,103.74,53.85,95.16,37.605314,126.934567
녹번동,2,3,6332.4,1829.64,241.8,166.77,233.98,13.75,180.29,37.605314,126.934567
녹번동,3,0,6502.0,1097.34,98.21,103.65,106.02,242.59,102.28,37.605314,126.934567
녹번동,3,1,7777.0,1129.72,117.09,70.32000000000001,111.89,192.0,98.0,37.605314,126.934567
녹번동,3,2,7454.4,937.94,97.28,74.11,102.99,54.91,91.67,37.605314,126.934567
녹번동,3,3,6750.7,1930.57,193.42,179.68,216.13,14.46,187.36,37.605314,126.934567
녹번동,4,0,6490.0,1086.26,99.31,99.8,90.78,227.68,103.11,37.605314,126.934567
녹번동,4,1,8017.0,1171.92,118.63,79.56,98.74,195.65,99.09,37.605314,126.934567
녹번동,4,2,7685.0,969.14,98.63,83.11,93.06,57.82,95.49,37.605314,126.934567
녹번동,4,3,7108.0,2025.35,199.07,177.76999999999998,212.85,15.45,195.17,37.605314,126.934567
녹번동,5,0,6510.0,1040.74,97.91,100.23,82.14,209.95,93.98,37.605314,126.934567
녹번동,5,1,8033.0,1186.73,122.65,84.3,112.84,189.08,104.58,37.605314,126.934567
녹번동,5,2,7924.0,990.94,107.98,77.33,97.72,59.93,93.49,37.605314,126.934567
녹번동,5,3,7242.0,2081.7200000000003,208.52,181.98,203.79,16.09,204.46,37.605314,126.934567
녹번동,6,0,6468.0,1063.42,96.34,89.49,87.22,214.99,94.98,37.605314,126.934567
녹번동,6,1,7886.0,1151.69,105.49,77.23,108.56,192.86,98.51,37.605314,126.934567
녹번동,6,2,7789.0,968.4,103.98,68.96,97.16,60.82,94.68,37.605314,126.934567
녹번동,6,3,7112.0,2024.55,187.42,174.1,194.44,16.64,195.74,37.605314,126.934567
녹번동,7,0,6456.0,1059.8,108.71,86.6,94.67,211.84,94.89,37.605314,126.934567
녹번동,7,1,7899.0,1154.34,114.19,82.25,111.66,199.5,108.77,37.605314,126.934567
녹번동,7,2,7822.0,974.26,100.66,69.84,90.05,61.53,95.33,37.605314,126.934567
녹번동,7,3,7106.0,2004.29,194.75,169.12,193.98,16.5,188.14,37.605314,126.934567
녹번동,8,0,6446.0,1067.87,113.52,85.19,98.28,211.03,98.51,37.605314,126.934567
녹번동,8,1,7893.0,1153.38,120.45,75.28999999999999,116.78,194.44,107.94,37.605314,126.934567
녹번동,8,2,7881.0,976.39,103.15,73.03,94.12,60.94,99.3,37.605314,126.934567
녹번동,8,3,7160.0,2036.68,204.55,167.66000000000005,204.4,16.58,190.53,37.605314,126.934567
녹번동,9,0,6460.0,1070.25,116.54,91.09,104.44,218.55,102.3,37.605314,126.934567
녹번동,9,1,7831.0,1149.58,111.81,82.54,115.58,194.89,103.83,37.605314,126.934567
녹번동,9,2,7796.0,973.05,106.98,68.58,99.94,59.870000000000005,98.77,37.605314,126.934567
녹번동,9,3,7090.0,2054.6,201.29,169.01,235.74,16.43,202.79,37.605314,126.934567
녹번동,10,0,6472.0,1062.09,104.05,93.94,89.57,216.26,102.24,37.605314,126.934567
녹번동,10,1,7734.0,1144.74,119.36,78.7,120.11,192.21,99.54,37.605314,126.934567
녹번동,10,2,7735.0,972.55,109.41,66.2,101.07,59.99,98.91,37.605314,126.934567
녹번동,10,3,7094.0,2121.09,213.58,176.31,282.17,17.08,194.29,37.605314,126.934567
녹번동,11,0,6434.0,1047.89,99.58,90.15,83.08,203.55,97.97,37.605314,126.934567
녹번동,11,1,7562.0,1118.6,112.22,78.51,117.9,188.44,93.59,37.605314,126.934567
녹번동,11,2,7679.0,962.37,104.06,70.86,102.25,59.63,95.14,37.605314,126.934567
녹번동,11,3,6894.0,1969.89,192.4,170.34,241.06,17.0,172.21,37.605314,126.934567
녹번동,12,0,7170.0,1164.17,114.89,88.29,83.16,230.69,107.71,37.605314,126.934567
녹번동,12,1,7961.0,1163.33,123.04,72.79,118.84,194.09,98.14,37.605314,126.934567
녹번동,12,2,8502.0,1052.57,112.19,72.77,99.87,67.53999999999999,103.85,37.605314,126.934567
녹번동,12,3,7620.0,2231.19,217.65,198.81,233.64,18.98,209.41,37.605314,126.934567
불광1동,1,0,8496.0,1292.74,142.9,108.38,123.29,266.75,127.45,37.602766,126.928839
불광1동,1,1,9870.0,1204.83,174.67,88.03,141.32,222.1,105.82,37.602766,126.928839
불광1동,1,2,9209.0,978.9,146.57,65.21000000000001,104.32,66.47,88.95,37.602766,126.928839
불광1동,1,3,6333.0,1791.87,288.98,156.84,264.91999999999996,12.37,205.37,37.602766,126.928839
불광1동,2,0,8481.0,1300.48,165.92,120.83,134.94,279.59000000000003,130.92,37.602766,126.928839
불광1동,2,1,9834.0,1207.29,169.78,75.66,143.57999999999998,227.86,102.72,37.602766,126.928839
불광1동,2,2,9260.0,993.49,151.91,65.5,111.25,64.81,92.01,37.602766,126.928839
불광1동,2,3,6411.0,1835.17,309.37,169.39,282.49,11.99,208.89,37.602766,126.928839
불광1동,3,0,8465.0,1309.59,156.33,122.99,127.77,276.07,124.28,37.602766,126.928839
불광1동,3,1,9798.0,1204.45,178.15,78.81,135.48,213.05,106.21,37.602766,126.928839
불광1동,3,2,9311.0,984.55,150.09,61.42,106.58,61.19,95.04,37.602766,126.928839
불광1동,3,3,6600.5,1853.11,316.82,170.26,252.29,11.91,208.24,37.602766,126.928839
불광1동,4,0,8450.0,1294.72,161.21,116.68,126.52,263.78,127.6,37.602766,126.928839
불광1동,4,1,9761.0,1195.24,152.99,91.73,124.64,217.15,110.39,37.602766,126.928839
불광1동,4,2,9361.0,983.0,130.86,68.97,95.8,65.23,93.04,37.602766,126.928839
불광1동,4,3,6794.0,1901.59,268.19,161.34,245.76,13.19,202.47,37.602766,126.928839
불광1동,5,0,8433.0,1259.38,145.87,127.06,108.72,246.45,125.57,37.602766,126.928839
불광1동,5,1,9724.0,1204.86,160.83,102.69,126.72,210.37,117.04,37.602766,126.928839
불광1동,5,2,9412.0,994.1,138.66,71.22,98.33,69.24,93.95,37.602766,126.928839
불광1동,5,3,6641.0,1899.86,282.40999999999997,162.15,239.46,12.42,220.22,37.602766,126.928839
불광1동,6,0,8420.0,1276.3,136.01999999999998,135.59,102.79,247.02,127.83,37.602766,126.928839
불광1동,6,1,9688.0,1197.12,166.56,91.55,122.51,214.08,114.96,37.602766,126.928839
불광1동,6,2,9463.0,997.15,146.28,68.14,96.91,68.53,95.97,37.602766,126.928839
불광1동,6,3,6719.0,1899.83,332.99,154.48,242.28,12.88,215.19,37.602766,126.928839
불광1동,7,0,8403.0,1283.43,138.57999999999998,140.76999999999998,104.47,248.67,123.58,37.602766,126.928839
불광1동,7,1,9652.0,1193.44,181.51,89.17,128.98,209.45,106.5,37.602766,126.928839
불광1동,7,2,9512.0,1010.36,161.8,76.52,103.29,67.05,92.97,37.602766,126.928839
불광1동,7,3,6796.0,1902.23,368.3,156.74,205.52,12.65,218.76,37.602766,126.928839
불광1동,8,0,8389.0,1294.06,149.98,136.66,116.76,249.73,132.04999999999998,37.602766,126.928839
불광1동,8,1,9615.0,1193.68,182.46,100.85,124.95,212.89,109.79,37.602766,126.928839
불광1동,8,2,9564.0,1008.15,164.37,76.59,101.27,66.39999999999999,90.99,37.602766,126.928839
불광1동,8,3,6873.0,1942.31,364.27,160.59,206.96,13.17,217.26,37.602766,126.928839
불광1동,9,0,8372.0,1280.9,145.06,124.12,124.57,252.74,135.92000000000002,37.602766,126.928839
불광1동,9,1,9580.0,1189.99,188.9,85.63,123.84,205.74,108.87,37.602766,126.928839
불광1동,9,2,9612.0,1013.78,168.99,68.57,110.34,65.25,92.51,37.602766,126.928839
불광1동,9,3,6950.0,1979.43,400.42,162.8,234.16,13.46,212.99,37.602766,126.928839
불광1동,10,0,8356.0,1257.38,156.48,115.13,116.75,241.48,126.53,37.602766,126.928839
불광1동,10,1,9544.0,1184.45,176.41,91.05,129.22,207.77,102.2,37.602766,126.928839
불광1동,10,2,9663.0,1020.69,171.75,74.4,103.96,67.19,92.77,37.602766,126.928839
불광1동,10,3,7027.0,2106.56,424.75,168.37,252.08999999999995,13.5,238.08999999999995,37.602766,126.928839
불광1동,11,0,8342.0,1250.1,154.09,124.31,115.3,230.63,121.38,37.602766,126.928839
불광1동,11,1,9508.0,1181.51,173.41,91.92,116.21,209.33,105.96,37.602766,126.928839
불광1동,11,2,9714.0,1040.33,166.35,76.39,109.25,69.74000000000001,98.64,37.602766,126.928839
불광1동,11,3,7104.0,2031.03,400.88,167.04,240.04,13.9,224.94,37.602766,126.928839
불광1동,12,0,7178.0,1075.93,123.04,102.92,101.54,214.62,111.09,37.602766,126.928839
불광1동,12,1,7370.0,895.9799999999999,131.09,63.92,90.81,157.36,83.23,37.602766,126.928839
불광1동,12,2,9486.0,1014.72,157.22,70.1,99.48,69.58,93.83,37.602766,126.928839
불광1동,12,3,7992.0,2326.4300000000003,449.2,197.16,309.73,15.48,258.84000000000003,37.602766,126.928839
갈현1동,1,0,5167.0,1085.93,127.15,129.9,112.91,173.29,118.73,37.602766,126.928839
갈현1동,1,1,5216.0,841.8199999999999,123.53,77.9,102.7,115.07,88.32,37.602766,126.928839
갈현1동,1,2,5436.0,781.1800000000001,130.15,75.66,97.35,37.03,88.64,37.602766,126.928839
갈현1동,1,3,3517.0,899.96,154.34,89.19,93.4,7.76,95.43,37.602766,126.928839
갈현1동,2,0,5158.0,1095.46,141.26,113.97,121.78,182.85,130.17,37.602766,126.928839
갈현1동,2,1,5196.0,839.3299999999999,126.67,75.06,96.45,116.19,83.07,37.602766,126.928839
갈현1동,2,2,5466.0,800.6700000000001,124.5,73.72,97.21,36.32,96.67,37.602766,126.928839
갈현1동,2,3,3560.0,927.42,163.86,85.65,94.34,7.34,103.73,37.602766,126.928839
갈현1동,3,0,5151.0,1084.2,167.89,138.27,145.16,166.6,132.48,37.602766,126.928839
갈현1동,3,1,5177.0,834.13,130.75,73.65,103.13,116.07,83.41,37.602766,126.928839
갈현1동,3,2,5496.0,807.09,116.97,77.44,98.8,34.59,102.4,37.602766,126.928839
갈현1동,3,3,3603.0,939.18,154.26,77.35,119.09,7.39,107.03,37.602766,126.928839
갈현1동,4,0,5142.0,1076.55,140.66,138.91,129.0,161.96,124.95,37.602766,126.928839
갈현1동,4,1,5157.0,831.5,114.08,82.28,99.56,117.33,79.96,37.602766,126.928839
갈현1동,4,2,5525.0,812.49,115.71,89.48,96.9,36.64,95.92,37.602766,126.928839
갈현1동,4,3,3646.0,934.4,147.78,88.03999999999999,110.51,7.65,105.26,37.602766,126.928839
갈현1동,5,0,5133.0,1030.34,120.62,138.81,102.21,157.51,118.86,37.602766,126.928839
갈현1동,5,1,5140.0,838.51,99.93,96.79,88.55,124.73,87.5,37.602766,126.928839
갈현1동,5,2,5555.0,810.95,114.18,82.09,97.08,38.89,96.47,37.602766,126.928839
갈현1동,5,3,3689.0,948.03,147.15,93.86,82.74000000000001,7.97,108.56,37.602766,126.928839
갈현1동,6,0,5126.0,1053.98,121.86,128.61,100.56,158.38,119.69,37.602766,126.928839
갈현1동,6,1,5120.0,836.55,99.85,87.78,84.72,122.36,85.47999999999999,37.602766,126.928839
갈현1동,6,2,5585.0,820.59,119.05,92.57,93.44,41.02,99.36,37.602766,126.928839
갈현1동,6,3,3732.0,954.31,135.07999999999998,93.23,89.67,8.98,102.8,37.602766,126.928839
갈현1동,7,0,5117.0,1059.86,120.32,131.82,113.01,160.33,118.45,37.602766,126.928839
갈현1동,7,1,5101.0,838.77,97.9,93.97,86.16,122.0,88.32,37.602766,126.928839
갈현1동,7,2,5614.0,831.36,115.62,87.44,99.88,40.97,99.3,37.602766,126.928839
갈현1동,7,3,3776.0,975.17,126.35,88.99000000000001,103.35,9.21,115.03,37.602766,126.928839
갈현1동,8,0,5109.0,1053.34,120.96,117.02,127.06,161.26,118.96,37.602766,126.928839
갈현1동,8,1,5081.0,837.41,90.05,85.03,88.35,123.34,86.53,37.602766,126.928839
갈현1동,8,2,5645.0,836.09,113.02,80.50999999999999,104.83,41.0,99.49,37.602766,126.928839
갈현1동,8,3,3820.0,993.67,113.61,91.58,103.6,9.57,112.8,37.602766,126.928839
갈현1동,9,0,5101.0,1056.44,139.87,132.71,135.8,167.59,114.42,37.602766,126.928839
갈현1동,9,1,5064.0,827.49,93.69,84.65,90.25,124.94,90.87,37.602766,126.928839
갈현1동,9,2,5676.0,846.4300000000001,115.43,92.19,108.88,42.27,103.03,37.602766,126.928839
갈현1동,9,3,3863.0,1021.36,116.2,90.19,105.76,9.63,116.48,37.602766,126.928839
갈현1동,10,0,5093.0,1040.31,132.07,129.2,123.96,161.07999999999998,116.51,37.602766,126.928839
갈현1동,10,1,5044.0,829.42,98.66,92.13,93.7,122.99,86.41,37.602766,126.928839
갈현1동,10,2,5706.0,842.58,119.52,90.35,98.77,43.36,97.84,37.602766,126.928839
갈현1동,10,3,3905.0,1070.59,129.21,97.03,101.69,9.59,124.63,37.602766,126.928839
갈현1동,11,0,5085.0,1029.07,125.92,122.65,104.9,154.37,107.98,37.602766,126.928839
갈현1동,11,1,5025.0,828.27,103.1,89.83,90.38,118.68,87.95,37.602766,126.928839
갈현1동,11,2,5736.0,851.0799999999999,122.04,87.01,100.47,44.510000000000005,99.65,37.602766,126.928839
갈현1동,11,3,3948.0,1042.88,139.72,95.31,108.2,9.5,120.14,37.602766,126.928839
갈현1동,12,0,3199.0,648.07,72.28999999999999,76.2,69.28,100.85,74.43,37.602766,126.928839
갈현1동,12,1,2778.0,455.47,50.03,45.0,52.22,70.05,52.08,37.602766,126.928839
갈현1동,12,2,3679.0,555.28,75.35,55.4,68.62,29.53,68.34,37.602766,126.928839
갈현1동,12,3,3188.0,883.8000000000001,110.64,82.96,91.84,6.99,106.12,37.602766,126.928839
갈현2동,1,0,6491.0,849.03,103.96,76.34,88.53,196.5,90.08,37.602766,126.928839
갈현2동,1,1,7618.0,823.54,105.27,62.55,102.31,164.36,91.63,37.602766,126.928839
갈현2동,1,2,6563.0,719.14,86.99000000000001,60.31,76.05,49.620000000000005,81.37,37.602766,126.928839
갈현2동,1,3,4229.0,926.64,134.32999999999998,66.22,119.36,9.47,101.24,37.602766,126.928839
갈현2동,2,0,6481.0,851.6400000000001,107.5,81.99000000000001,91.57,204.88,90.07,37.602766,126.928839
갈현2동,2,1,7589.0,828.61,102.88,62.79,99.84,175.44,89.18,37.602766,126.928839
갈현2동,2,2,6596.0,728.09,86.28,52.71,79.50999999999999,50.1,85.17,37.602766,126.928839
갈현2동,2,3,4282.8,949.78,139.43,72.0,109.04,9.69,106.98,37.602766,126.928839
갈현2동,3,0,6468.0,846.39,109.63,82.16,97.41,195.83,98.12,37.602766,126.928839
갈현2동,3,1,7561.0,821.84,104.87,59.35,97.96,170.98000000000002,89.48,37.602766,126.928839
갈현2동,3,2,6631.0,735.88,88.27000000000001,57.31,85.37,49.66,87.34,37.602766,126.928839
갈현2동,3,3,4471.1,984.69,139.79,75.45,128.7,9.69,112.42,37.602766,126.928839
갈현2동,4,0,6456.0,841.62,104.68,83.76,92.89,194.11,90.53,37.602766,126.928839
갈현2동,4,1,7534.0,825.6899999999999,100.84,70.82000000000001,94.14,165.99,89.6,37.602766,126.928839
갈현2동,4,2,6666.0,733.16,79.9,58.870000000000005,77.31,49.46,83.07,37.602766,126.928839
갈현2동,4,3,4812.0,1045.11,138.39,80.64,126.14,10.8,115.93,37.602766,126.928839
갈현2동,5,0,6445.0,829.38,87.47,92.3,85.65,193.33,90.17,37.602766,126.928839
갈현2동,5,1,7504.0,831.73,99.65,72.39999999999999,95.33,169.66,85.52,37.602766,126.928839
갈현2동,5,2,6702.0,736.9300000000001,79.27,63.59,77.4,50.35,85.76,37.602766,126.928839
갈현2동,5,3,4852.0,1053.09,143.63,79.0,116.78,10.77,114.64,37.602766,126.928839
갈현2동,6,0,6434.0,826.78,88.91,73.64999999999999,82.91,197.39,90.58,37.602766,126.928839
갈현2동,6,1,7478.0,819.64,95.22,64.08,93.42,173.79999999999998,85.55,37.602766,126.928839
갈현2동,6,2,6735.0,749.54,87.22,60.74,80.6,51.8,93.21,37.602766,126.928839
갈현2동,6,3,4830.0,1048.5,144.6,85.38,134.76999999999998,11.45,108.87,37.602766,126.928839
갈현2동,7,0,6420.0,831.5,87.53,82.36,87.92,200.34,95.19,37.602766,126.928839
갈현2동,7,1,7449.0,811.66,91.99,63.84,95.2,179.46,81.98,37.602766,126.928839
갈현2동,7,2,6770.0,753.48,83.94,65.53,84.23,53.83,89.50999999999999,37.602766,126.928839
갈현2동,7,3,4836.0,1035.99,128.76,75.61,123.7,11.53,101.82,37.602766,126.928839
갈현2동,8,0,6409.0,838.81,86.14999999999999,78.1,90.07,201.11,96.73,37.602766,126.928839
갈현2동,8,1,7422.0,813.47,89.09,64.17,91.07,179.11,87.24000000000001,37.602766,126.928839
갈현2동,8,2,6804.0,756.49,81.31,69.17,89.2,53.76,86.71,37.602766,126.928839
갈현2동,8,3,4862.0,1055.65,125.49,77.03,126.88,11.38,107.02,37.602766,126.928839
갈현2동,9,0,6400.0,829.77,96.83,73.91,88.35,196.02,96.78,37.602766,126.928839
갈현2동,9,1,7393.0,815.68,88.52,62.3,97.11,180.66,86.55,37.602766,126.928839
갈현2동,9,2,6839.0,758.75,79.86,64.59,86.32,53.43,88.39,37.602766,126.928839
갈현2동,9,3,4854.0,1061.66,129.47,72.62,128.64,11.51,108.32,37.602766,126.928839
갈현2동,10,0,6387.0,822.85,95.53,80.64,87.76,192.56,95.86,37.602766,126.928839
갈현2동,10,1,7367.0,815.25,89.22,60.84,91.0,173.42000000000002,90.51,37.602766,126.928839
갈현2동,10,2,6874.0,771.1800000000001,84.89,62.49,84.83,53.46,90.02,37.602766,126.928839
갈현2동,10,3,4848.0,1111.09,134.11,73.58,130.7,12.05,115.17,37.602766,126.928839
갈현2동,11,0,6376.0,809.51,92.01,77.19,85.48,181.4,86.38,37.602766,126.928839
갈현2동,11,1,7338.0,812.9100000000001,90.74,63.01,93.86,167.05,90.41,37.602766,126.928839
갈현2동,11,2,6909.0,780.1,85.54,65.45,84.32,54.34,89.32,37.602766,126.928839
갈현2동,11,3,4765.0,1046.95,132.01,78.73,121.35,11.41,110.93,37.602766,126.928839
갈현2동,12,0,5727.0,728.79,82.28999999999999,61.58,80.6,165.73000000000002,80.89,37.602766,126.928839
갈현2동,12,1,5479.0,599.54,72.92,45.5,68.75,118.08,65.62,37.602766,126.928839
갈현2동,12,2,6938.0,782.4300000000001,91.32,68.22,84.25,53.18,88.3,37.602766,126.928839
갈현2동,12,3,5385.0,1209.15,176.12,87.75,133.05,12.08,128.31,37.602766,126.928839
구산동,1,0,6501.0,585.8299999999999,73.51,46.69,63.88,187.62,67.53,37.611074,126.907302
구산동,1,1,7817.0,812.1700000000001,111.15,63.71,89.44,167.34,83.38,37.611074,126.907302
구산동,1,2,7797.0,736.77,93.62,47.95,77.94,56.77,75.8,37.611074,126.907302
구산동,1,3,5090.4,1035.13,193.8,73.28999999999999,142.82999999999998,10.91,97.16,37.611074,126.907302
구산동,2,0,6487.0,586.1800000000001,77.82,40.71,68.12,193.53,63.53,37.611074,126.907302
구산동,2,1,7789.0,807.2,103.44,54.16,95.33,177.07,82.88,37.611074,126.907302
구산동,2,2,7839.0,739.4399999999999,89.76,49.48,75.85,57.33,76.10000000000001,37.611074,126.907302
구산동,2,3,5297.0,1081.0,195.44,75.36,166.64,11.86,102.26,37.611074,126.907302
구산동,3,0,6476.0,580.79,81.55,44.93,71.35,185.22,66.03999999999999,37.611074,126.907302
구산동,3,1,7760.0,807.1899999999999,107.7,53.42,94.96,169.57999999999998,80.47,37.611074,126.907302
구산동,3,2,7884.0,744.26,96.66,42.260000000000005,81.12,54.15,76.58,37.611074,126.907302
구산동,3,3,5580.9,1137.94,222.26,78.98,184.28,11.31,102.8,37.611074,126.907302
구산동,4,0,6462.0,573.0799999999999,71.67,43.96,61.82,181.71,64.77,37.611074,126.907302
구산동,4,1,7731.0,804.26,104.86,54.5,84.42,163.79,82.69,37.611074,126.907302
구산동,4,2,7929.0,750.4,94.58,46.79,81.33,54.3,74.53999999999999,37.611074,126.907302
구산동,4,3,5780.0,1166.86,189.46,75.28999999999999,150.32,11.89,108.87,37.611074,126.907302
구산동,5,0,6450.0,568.67,67.52,50.489999999999995,56.76,179.15,68.95,37.611074,126.907302
구산동,5,1,7703.0,815.82,102.12,66.12,85.99,170.26,84.71000000000001,37.611074,126.907302
구산동,5,2,7972.0,747.88,84.93,54.79,79.14,58.6,71.6,37.611074,126.907302
구산동,5,3,5783.0,1176.95,181.62,77.58,147.84,12.43,112.24,37.611074,126.907302
구산동,6,0,6439.0,566.12,68.41,40.69,53.09,172.6,64.11,37.611074,126.907302
구산동,6,1,7675.0,805.3499999999999,99.28,53.27,80.69,166.61,81.68,37.611074,126.907302
구산동,6,2,8015.0,755.9399999999999,89.47,51.98,74.82000000000001,59.68,76.01,37.611074,126.907302
구산동,6,3,5721.0,1150.83,194.85,78.78999999999999,157.8,12.98,105.92,37.611074,126.907302
구산동,7,0,6427.0,570.8100000000001,64.39,46.78,52.989999999999995,180.13,66.68,37.611074,126.907302
구산동,7,1,7646.0,805.8399999999999,95.78,60.48,78.09,174.16,82.91,37.611074,126.907302
구산동,7,2,8060.0,758.43,91.05,51.42,73.03,62.09,80.19,37.611074,126.907302
구산동,7,3,5762.0,1145.39,186.97,74.43,129.55,13.05,111.48,37.611074,126.907302
구산동,8,0,6414.0,567.22,63.28,45.69,54.84,185.44,60.91,37.611074,126.907302
구산동,8,1,7618.0,799.76,95.26,57.510000000000005,81.52,172.82,82.18,37.611074,126.907302
구산동,8,2,8104.0,753.83,89.75,51.21,72.85,62.72,73.99,37.611074,126.907302
구산동,8,3,5737.0,1160.62,187.03,79.71000000000001,133.81,12.95,112.47,37.611074,126.907302
구산동,9,0,6400.0,560.76,66.72,45.620000000000005,62.23,178.17000000000002,65.27,37.611074,126.907302
구산동,9,1,7589.0,800.4499999999999,114.47,59.32,84.26,168.91,81.87,37.611074,126.907302
구산동,9,2,8147.0,754.03,98.73,50.76,72.98,59.86,74.36,37.611074,126.907302
구산동,9,3,5691.0,1160.7,218.41,76.17,132.4,13.03,110.76,37.611074,126.907302
구산동,10,0,6388.0,555.6,73.61,43.32,63.45,167.31,63.69,37.611074,126.907302
구산동,10,1,7560.0,796.99,123.48,52.46,88.17999999999999,154.48000000000002,79.51,37.611074,126.907302
구산동,10,2,8191.0,766.16,112.64,46.82,83.7,58.09,80.16,37.611074,126.907302
구산동,10,3,5770.0,1232.18,256.9,83.03,176.56,12.71,116.76,37.611074,126.907302
구산동,11,0,6377.0,550.69,67.84,38.47,60.84,159.51999999999998,64.06,37.611074,126.907302
구산동,11,1,7531.0,795.6,114.02,49.58,92.17,153.18,77.09,37.611074,126.907302
구산동,11,2,8235.0,782.68,114.33,52.83,90.28,59.45,86.92,37.611074,126.907302
구산동,11,3,5673.0,1158.58,238.81,73.97999999999999,185.21,12.54,112.91,37.611074,126.907302
구산동,12,0,6130.0,527.69,59.25,39.38,54.79,164.51,64.28,37.611074,126.907302
구산동,12,1,6049.0,634.94,87.9,45.48,76.63,121.31,61.99,37.611074,126.907302
구산동,12,2,8196.0,786.66,104.17,56.35,92.4,59.25,82.57,37.611074,126.907302
구산동,12,3,6558.0,1386.69,278.07000000000005,90.39,212.26,14.01,130.75,37.611074,126.907302
대조동,1,0,7524.0,2428.93,236.92,284.28,226.86,288.34000000000003,219.54,37.612256,126.923141
대조동,1,1,7442.0,1777.63,215.16,194.18,220.98,198.66,175.99,37.612256,126.923141
대조동,1,2,6866.0,1274.25,159.78,138.74,153.86,54.129999999999995,133.24,37.612256,126.923141
대조동,1,3,4786.0,1487.4,199.66,116.09,222.3,11.04,160.16,37.612256,126.923141
대조동,2,0,7511.0,2451.46,265.6,269.65,250.4,289.49,223.47,37.612256,126.923141
대조동,2,1,7414.0,1781.44,227.98,178.42,215.39,198.85,192.5,37.612256,126.923141
대조동,2,2,6904.0,1281.93,173.3,139.46,161.53,51.73,132.29,37.612256,126.923141
대조동,2,3,4844.0,1519.0,257.84000000000003,120.62,232.56,10.8,165.99,37.612256,126.923141
대조동,3,0,7499.0,2452.22,256.68,288.62,252.75,275.6,220.44,37.612256,126.923141
대조동,3,1,7387.0,1775.18,241.16000000000005,187.74,211.22,196.57,176.38,37.612256,126.923141
대조동,3,2,6942.0,1294.5,163.62,135.73,157.72,49.54,138.01,37.612256,126.923141
대조동,3,3,4902.0,1518.23,228.86,120.29,218.45,10.52,167.32999999999998,37.612256,126.923141
대조동,4,0,7488.0,2423.21,236.78,285.72,222.35,277.18,227.21,37.612256,126.923141
대조동,4,1,7360.0,1774.09,225.19,195.05,198.83,195.79,175.72,37.612256,126.923141
대조동,4,2,6980.0,1304.02,165.0,138.98,141.06,51.89,136.94,37.612256,126.923141
대조동,4,3,4961.0,1520.6,204.92,109.2,195.7,11.14,163.57999999999998,37.612256,126.923141
대조동,5,0,7476.0,2292.63,219.28,263.96,198.25,247.33,204.26,37.612256,126.923141
대조동,5,1,7332.0,1721.54,226.64,179.74,194.33,175.71,172.87,37.612256,126.923141
대조동,5,2,7019.0,1287.9,160.89,128.61,148.63,51.95,135.17000000000002,37.612256,126.923141
대조동,5,3,5020.0,1551.32,211.61,122.55,190.22,10.76,157.93,37.612256,126.923141
대조동,6,0,7464.0,2406.16,222.28,274.68,217.76,252.72,215.23,37.612256,126.923141
대조동,6,1,7305.0,1750.85,213.19,199.98,195.93,179.73,177.98,37.612256,126.923141
대조동,6,2,7057.0,1305.74,165.04,145.04,160.09,53.400000000000006,141.59,37.612256,126.923141
대조동,6,3,5078.0,1573.01,183.87,119.83,215.77,11.2,166.91,37.612256,126.923141
대조동,7,0,7453.0,2435.23,255.66,307.7,234.42,258.59,225.7,37.612256,126.923141
대조동,7,1,7278.0,1763.04,235.42,212.94,202.21,180.15,189.97,37.612256,126.923141
대조동,7,2,7097.0,1320.07,178.32,140.54,154.66,51.16,141.1,37.612256,126.923141
대조동,7,3,5138.0,1577.83,244.77,119.64,217.22,10.89,169.35,37.612256,126.923141
대조동,8,0,7441.0,2417.3900000000003,258.72,282.08,234.41,254.43,224.91,37.612256,126.923141
대조동,8,1,7250.0,1742.11,242.29,209.29,188.32,177.42000000000002,175.96,37.612256,126.923141
대조동,8,2,7133.0,1325.26,190.66,136.87,161.49,49.99,144.05,37.612256,126.923141
대조동,8,3,5196.0,1611.12,265.31,112.2,217.49,10.83,170.75,37.612256,126.923141
대조동,9,0,7429.0,2377.9,256.53,274.73,227.71,253.68,220.5,37.612256,126.923141
대조동,9,1,7223.0,1744.35,262.23,207.12,217.56,177.24,186.91,37.612256,126.923141
대조동,9,2,7172.0,1330.88,176.82,151.3,162.93,50.33,140.79,37.612256,126.923141
대조동,9,3,5254.0,1658.04,275.71,117.84,249.85,11.02,179.42000000000002,37.612256,126.923141
대조동,10,0,7418.0,2359.05,240.71,267.05,212.36,244.89,222.75,37.612256,126.923141
대조동,10,1,7196.0,1739.38,265.71,190.42,214.11,169.89,189.79,37.612256,126.923141
대조동,10,2,7211.0,1353.38,190.77,147.01,170.57,52.66,148.91,37.612256,126.923141
대조동,10,3,5312.0,1742.23,279.38,131.62,284.49,11.79,180.84,37.612256,126.923141
대조동,11,0,7406.0,2350.23,259.11,234.68,215.64,240.25,235.32,37.612256,126.923141
대조동,11,1,7169.0,1722.79,253.63,184.5,215.33,164.73,181.99,37.612256,126.923141
대조동,11,2,7249.0,1371.26,197.87,148.04,168.14,53.85,148.26,37.612256,126.923141
대조동,11,3,5372.0,1694.49,271.37,129.9,283.46,12.05,171.73,37.612256,126.923141
대조동,12,0,7967.0,2519.41,232.27,308.06,215.35,276.06,244.59,37.612256,126.923141
대조동,12,1,5297.0,1263.87,181.28,127.62,158.2,125.34,130.06,37.612256,126.923141
대조동,12,2,5979.0,1139.38,157.71,130.65,139.99,45.36,124.73,37.612256,126.923141
대조동,12,3,5190.0,1673.8000000000002,265.77,112.62,278.43,10.82,165.48000000000002,37.612256,126.923141
응암1동,1,0,6666.0,1742.61,161.29999999999998,134.11,157.8,238.56,148.66,37.602766,126.928839
응암1동,1,1,7835.0,1293.83,141.36,90.64,133.75,194.11,103.49,37.602766,126.928839
응암1동,1,2,6669.0,906.27,95.82,67.28,91.9,51.72,83.22,37.602766,126.928839
응암1동,1,3,4622.8,1101.59,119.93,87.86,119.42,11.43,91.93,37.602766,126.928839
응암1동,2,0,6654.0,1731.86,152.11,127.42,182.04,241.36,160.32999999999998,37.602766,126.928839
응암1동,2,1,7805.0,1291.17,125.16,94.69,131.1,205.25,108.53,37.602766,126.928839
응암1동,2,2,6705.0,909.21,95.41,64.91,96.93,53.56,80.66,37.602766,126.928839
응암1동,2,3,4685.389999999999,1127.25,121.37,94.61,130.51,11.89,99.92,37.602766,126.928839
응암1동,3,0,6641.0,1739.97,178.15,155.37,186.59,237.06,154.72,37.602766,126.928839
응암1동,3,1,7793.9,1293.87,129.56,100.53,126.26,192.62,107.24,37.602766,126.928839
응암1동,3,2,6743.0,912.66,94.19,69.07000000000001,88.21,52.44,82.18,37.602766,126.928839
응암1동,3,3,4874.700000000001,1156.34,139.68,99.85,112.93,11.95,102.49,37.602766,126.928839
응암1동,4,0,6630.0,1724.24,192.6,137.1,183.72,218.51,154.57999999999998,37.602766,126.928839
응암1동,4,1,7882.0,1306.94,147.95,93.58,124.78,182.29,109.68,37.602766,126.928839
응암1동,4,2,6857.0,925.81,98.38,74.21000000000001,89.42,51.870000000000005,79.29,37.602766,126.928839
응암1동,4,3,5210.0,1239.27,160.35000000000002,96.61,126.02,12.45,114.53,37.602766,126.928839
응암1동,5,0,6617.0,1670.75,183.64,140.62,168.42,191.64,146.68,37.602766,126.928839
응암1동,5,1,7943.0,1314.53,157.14,84.66,142.67,172.82,108.71,37.602766,126.928839
응암1동,5,2,6894.0,923.26,107.37,70.03999999999999,97.5,50.21,79.6,37.602766,126.928839
응암1동,5,3,5370.0,1292.8200000000002,181.12,99.16,140.54000000000002,12.18,117.28,37.602766,126.928839
응암1동,6,0,6606.0,1696.11,188.5,132.48,168.76,192.53,142.46,37.602766,126.928839
응암1동,6,1,7837.0,1299.1,169.81,85.5,147.07999999999998,164.79,111.45,37.602766,126.928839
응암1동,6,2,6914.0,927.91,116.61,68.83,103.93,49.19,79.13,37.602766,126.928839
응암1동,6,3,5328.0,1277.96,207.88,88.42,152.95,12.03,114.99,37.602766,126.928839
응암1동,7,0,6594.0,1700.65,188.47,134.78,181.41,198.25,141.76,37.602766,126.928839
응암1동,7,1,7799.0,1288.64,157.87,78.60000000000001,145.03,175.82,106.51,37.602766,126.928839
응암1동,7,2,6928.0,935.98,119.5,65.38,112.21,49.72,85.67,37.602766,126.928839
응암1동,7,3,5352.0,1269.91,181.41,92.63,162.57999999999998,12.26,110.96,37.602766,126.928839
응암1동,8,0,6581.0,1704.22,194.52,118.45,191.25,201.17,139.07,37.602766,126.928839
응암1동,8,1,7716.0,1276.66,154.86,85.51,140.86,178.55,109.75,37.602766,126.928839
응암1동,8,2,6924.0,935.57,117.72,67.95,110.66,49.95,86.32,37.602766,126.928839
응암1동,8,3,5262.0,1264.19,158.43,90.11,152.07999999999998,12.3,110.87,37.602766,126.928839
응암1동,9,0,6569.0,1698.15,194.14,156.69,184.29,207.59,147.25,37.602766,126.928839
응암1동,9,1,7655.0,1278.22,158.97,91.64,123.52,178.3,109.77,37.602766,126.928839
응암1동,9,2,6961.0,938.43,114.72,73.5,103.93,50.2,80.38,37.602766,126.928839
응암1동,9,3,5222.0,1272.31,169.13,90.51,138.26,12.06,109.21,37.602766,126.928839
응암1동,10,0,6558.0,1692.09,193.73,148.46,160.9,205.17,141.04000000000002,37.602766,126.928839
응암1동,10,1,7607.0,1284.7,163.6,93.68,132.03,173.15,110.5,37.602766,126.928839
응암1동,10,2,6998.0,951.23,122.55,79.50999999999999,102.94,51.85,78.22,37.602766,126.928839
응암1동,10,3,5257.0,1340.88,182.3,96.98,133.43,12.15,119.76,37.602766,126.928839
응암1동,11,0,6544.0,1672.51,199.72,132.74,163.7,199.46,144.05,37.602766,126.928839
응암1동,11,1,7546.0,1270.22,155.42000000000002,83.86,140.19,166.37,106.22,37.602766,126.928839
응암1동,11,2,7033.0,963.25,124.49,76.24000000000001,104.77,53.3,81.25,37.602766,126.928839
응암1동,11,3,5220.0,1263.66,167.59,95.2,140.04,12.48,105.48,37.602766,126.928839
응암1동,12,0,6702.0,1720.97,176.93,171.14,170.7,223.83,152.07999999999998,37.602766,126.928839
응암1동,12,1,8354.0,1365.83,155.7,125.25,141.73,187.49,120.12,37.602766,126.928839
응암1동,12,2,7229.0,990.98,115.48,89.17,108.08,57.620000000000005,87.47,37.602766,126.928839
응암1동,12,3,5870.0,1451.99,173.94,112.88,177.25,14.57,122.73,37.602766,126.928839
응암2동,1,0,4196.0,359.77,42.04,35.63,41.26,125.01,31.74,37.602766,126.928839
응암2동,1,1,6371.7,542.09,64.26,34.4,57.13,132.98,38.67,37.602766,126.928839
응암2동,1,2,4788.4,414.24,55.74,29.36,45.86,31.28,32.62,37.602766,126.928839
응암2동,1,3,3351.6,905.2,172.87,56.45,114.05,5.859999999999999,85.64,37.602766,126.928839
응암2동,2,0,4187.0,363.33,42.41,30.87,39.95,139.04,32.269999999999996,37.602766,126.928839
응암2동,2,1,6440.0,545.5699999999999,53.900000000000006,33.7,57.79,144.98,39.28,37.602766,126.928839
응암2동,2,2,4804.4,419.01,53.02,29.89,43.7,32.67,34.57,37.602766,126.928839
응암2동,2,3,3443.2,941.93,129.72,59.67,118.3,6.73,88.86,37.602766,126.928839
응암2동,3,0,4178.0,361.14,42.96,36.79,38.29,135.74,32.89,37.602766,126.928839
응암2동,3,1,6804.0,580.28,56.08,36.95,56.42,153.89,42.72,37.602766,126.928839
응암2동,3,2,4920.6,418.85,50.870000000000005,29.15,39.19,31.89,33.65,37.602766,126.928839
응암2동,3,3,3639.7,981.66,144.82,74.42,89.52,7.0,91.06,37.602766,126.928839
응암2동,4,0,4168.0,356.14,42.18,27.119999999999997,34.949999999999996,126.41,28.59,37.602766,126.928839
응암2동,4,1,6961.0,595.04,62.88,35.61,60.1,146.47,43.24,37.602766,126.928839
응암2동,4,2,5050.0,425.56,54.78,26.89,41.239999999999995,33.32,33.519999999999996,37.602766,126.928839
응암2동,4,3,3704.0,999.2,164.82999999999998,75.84,113.12,6.96,96.7,37.602766,126.928839
응암2동,5,0,4161.0,344.64,41.22,32.28,38.31,117.25,28.52,37.602766,126.928839
응암2동,5,1,6632.0,574.41,63.07,49.26,57.17,137.08,42.12,37.602766,126.928839
응암2동,5,2,4956.0,429.99,55.73,33.83,42.7,33.64,36.379999999999995,37.602766,126.928839
응암2동,5,3,3571.0,972.1,140.11,63.96,131.76999999999998,6.68,94.49,37.602766,126.928839
응암2동,6,0,4150.0,350.28999999999996,43.27,29.86,38.78,118.19,31.049999999999997,37.602766,126.928839
응암2동,6,1,6465.0,552.35,59.39,38.21,51.49,130.53,37.64,37.602766,126.928839
응암2동,6,2,4954.0,424.99,58.35,26.53,41.68,33.89,36.93,37.602766,126.928839
응암2동,6,3,3539.0,957.98,146.99,68.64,123.78,6.54,91.88,37.602766,126.928839
응암2동,7,0,4143.0,351.68,45.7,32.9,43.27,119.73,30.31,37.602766,126.928839
응암2동,7,1,6464.0,550.92,60.77,37.15,56.739999999999995,134.37,38.32,37.602766,126.928839
응암2동,7,2,4959.0,430.39,58.69,29.49,46.95,33.6,32.43,37.602766,126.928839
응암2동,7,3,3543.0,953.52,163.16,63.69,146.82,6.38,95.03,37.602766,126.928839
응암2동,8,0,4134.0,347.69,44.46,24.59,45.08,120.48,27.45,37.602766,126.928839
응암2동,8,1,6561.0,557.31,62.78,42.13,57.06,139.26,36.53,37.602766,126.928839
응암2동,8,2,5049.0,434.7,57.95,33.13,49.55,34.84,33.62,37.602766,126.928839
응암2동,8,3,3592.0,973.36,157.35,62.78,145.89999999999998,6.5,92.63,37.602766,126.928839
응암2동,9,0,4125.0,348.23,43.98,35.57,48.27,122.09,30.69,37.602766,126.928839
응암2동,9,1,6601.0,562.18,56.56,48.47,55.68,148.19,37.72,37.602766,126.928839
응암2동,9,2,5136.0,443.27,57.69,35.69,51.26,35.92,36.17,37.602766,126.928839
응암2동,9,3,3652.0,996.3,129.68,60.82000000000001,128.18,6.75,90.71,37.602766,126.928839
응암2동,10,0,4116.0,348.56,39.260000000000005,34.66,36.93,117.42,30.729999999999997,37.602766,126.928839
응암2동,10,1,6535.0,564.79,55.9,46.989999999999995,49.94,139.29999999999998,40.629999999999995,37.602766,126.928839
응암2동,10,2,5109.0,447.26,59.47,32.22,47.56,35.69,37.48,37.602766,126.928839
응암2동,10,3,3707.0,1067.36,136.17000000000002,61.599999999999994,119.07,7.13,104.75,37.602766,126.928839
응암2동,11,0,4107.0,347.98,39.73,36.08,33.769999999999996,113.13,34.19,37.602766,126.928839
응암2동,11,1,6254.0,543.4,53.85,44.99,48.16,132.26,39.38,37.602766,126.928839
응암2동,11,2,5090.0,453.55,56.489999999999995,36.57,43.38,35.87,38.41,37.602766,126.928839
응암2동,11,3,3680.0,1004.02,128.7,57.129999999999995,94.07,7.33,94.97,37.602766,126.928839
응암2동,12,0,4076.0,344.0,38.49,32.17,34.56,119.36,32.86,37.602766,126.928839
응암2동,12,1,7797.0,662.65,65.16,50.05,59.47,156.37,46.0,37.602766,126.928839
응암2동,12,2,5336.0,473.21,59.19,33.660000000000004,44.94,38.5,39.5,37.602766,126.928839
응암2동,12,3,4145.0,1158.19,151.88,68.47,118.21,7.83,118.16,37.602766,126.928839
신사1동,1,0,6023.0,921.55,91.09,81.86,99.85,194.61,90.44,37.602766,126.928839
신사1동,1,1,6637.0,779.5999999999999,71.37,69.88,82.55000000000001,171.37,76.02,37.602766,126.928839
신사1동,1,2,6203.0,614.3299999999999,58.6,48.45,68.35,53.059999999999995,53.989999999999995,37.602766,126.928839
신사1동,1,3,4530.5,1000.71,75.52,83.37,133.53,10.59,82.94999999999999,37.602766,126.928839
신사1동,2,0,6012.0,917.96,110.36,75.77,119.75,188.94,91.61,37.602766,126.928839
신사1동,2,1,6612.0,786.39,81.11,72.41,92.95,168.47,75.01,37.602766,126.928839
신사1동,2,2,6243.6,628.35,65.31,49.44,73.75999999999999,52.8,56.04,37.602766,126.928839
신사1동,2,3,4685.4,1049.29,89.66,82.92,158.59,10.48,86.56,37.602766,126.928839
신사1동,3,0,6000.0,919.51,99.23,75.52,122.37,185.11,97.72,37.602766,126.928839
신사1동,3,1,6587.0,778.1899999999999,76.08,69.07000000000001,91.16,163.29,72.63,37.602766,126.928839
신사1동,3,2,6350.5,639.78,62.19,48.64,73.65,52.52,55.28,37.602766,126.928839
신사1동,3,3,5025.5,1116.74,95.25,91.38,149.26,11.27,97.44,37.602766,126.928839
신사1동,4,0,5990.0,910.32,93.98,69.59,110.29,182.97,98.39,37.602766,126.928839
신사1동,4,1,6564.0,776.83,64.92999999999999,65.61,79.05,165.9,72.16,37.602766,126.928839
신사1동,4,2,6417.0,643.51,57.48,50.05,71.22,53.54,55.78,37.602766,126.928839
신사1동,4,3,5198.0,1143.75,80.41,90.83,122.46,12.61,94.69,37.602766,126.928839
신사1동,5,0,5981.0,909.49,80.45,88.5,96.83,185.75,99.96,37.602766,126.928839
신사1동,5,1,6539.0,781.29,57.510000000000005,75.92,76.51,171.57999999999998,74.68,37.602766,126.928839
신사1동,5,2,6416.0,647.34,56.57,55.03,67.43,56.46,57.21,37.602766,126.928839
신사1동,5,3,5228.0,1157.16,70.87,96.51,116.94,13.14,95.37,37.602766,126.928839
신사1동,6,0,5970.0,902.25,76.19,67.66,93.4,186.89,95.98,37.602766,126.928839
신사1동,6,1,6515.0,768.55,56.15,72.64,75.94,177.76,74.07,37.602766,126.928839
신사1동,6,2,6405.0,640.35,47.84,55.61,65.2,60.27,55.14,37.602766,126.928839
신사1동,6,3,5212.0,1140.64,82.16,94.45,111.01,14.27,90.71,37.602766,126.928839
신사1동,7,0,5958.0,903.94,83.87,74.81,109.09,179.68,93.45,37.602766,126.928839
신사1동,7,1,6491.0,762.5,60.16,69.53,77.09,170.99,73.22,37.602766,126.928839
신사1동,7,2,6429.0,646.54,50.75,51.739999999999995,73.3,57.3,58.14,37.602766,126.928839
신사1동,7,3,5154.0,1122.12,93.63,97.36,125.93,13.43,91.24,37.602766,126.928839
신사1동,8,0,5948.0,906.0,85.91,73.38,122.01,179.69,92.44,37.602766,126.928839
신사1동,8,1,6466.0,756.1,59.73,61.47,79.4,161.92000000000002,75.15,37.602766,126.928839
신사1동,8,2,6436.0,647.47,50.32,55.51,76.25,53.75,60.79,37.602766,126.928839
신사1동,8,3,4932.0,1093.46,79.15,94.64,126.95,12.17,95.61,37.602766,126.928839
신사1동,9,0,5936.0,903.26,92.32,76.93,132.63,179.89,92.09,37.602766,126.928839
신사1동,9,1,6442.0,759.75,69.21000000000001,63.95,82.42,160.14,74.05,37.602766,126.928839
신사1동,9,2,6472.0,651.07,55.22,55.71,78.25999999999999,53.28,61.44,37.602766,126.928839
신사1동,9,3,4830.0,1085.1,82.72,95.79,129.62,11.26,93.33,37.602766,126.928839
신사1동,10,0,5924.0,889.77,91.89,81.84,106.94,176.97,92.22,37.602766,126.928839
신사1동,10,1,6417.0,764.76,62.349999999999994,67.4,82.67,166.82,76.69,37.602766,126.928839
신사1동,10,2,6505.0,652.72,55.43,55.77,74.93,55.88,60.1,37.602766,126.928839
신사1동,10,3,4848.0,1137.52,87.24000000000001,102.19,129.12,12.08,96.86,37.602766,126.928839
신사1동,11,0,5913.0,895.41,83.1,71.38,93.58,176.94,96.65,37.602766,126.928839
신사1동,11,1,6392.0,765.11,57.6,67.96000000000001,77.78999999999999,169.85,74.91,37.602766,126.928839
신사1동,11,2,6537.0,659.89,47.6,55.45,64.54,58.73,61.989999999999995,37.602766,126.928839
신사1동,11,3,4932.0,1100.03,71.51,97.44,89.14,13.35,93.09,37.602766,126.928839
신사1동,12,0,5446.0,826.6,73.94,74.26,89.23,166.22,87.99,37.602766,126.928839
신사1동,12,1,5503.0,652.28,49.96,64.52,68.21,144.09,63.83,37.602766,126.928839
신사1동,12,2,6564.0,669.4200000000001,51.34,60.02,64.07,59.78,58.41,37.602766,126.928839
신사1동,12,3,5515.0,1258.94,75.43,111.1,82.44,13.94,105.01,37.602766,126.928839
신사2동,1,0,4321.0,566.26,68.1,51.25,60.66,128.06,63.879999999999995,37.602766,126.928839
신사2동,1,1,5036.0,628.77,63.6,45.72,59.02,123.04,60.47,37.602766,126.928839
신사2동,1,2,5080.0,570.99,63.07,41.84,52.86,41.69,60.27,37.602766,126.928839
신사2동,1,3,3351.7,846.64,111.27,67.88,84.84,7.45,83.41,37.602766,126.928839
신사2동,2,0,4314.0,568.0,66.98,43.1,61.55,129.49,66.22,37.602766,126.928839
신사2동,2,1,5018.0,630.41,70.47,45.59,59.0,122.98,63.21,37.602766,126.928839
신사2동,2,2,5110.0,581.64,63.43,48.61,60.6,42.04,58.77,37.602766,126.928839
신사2동,2,3,3488.4,894.0799999999999,107.97,73.37,99.63,7.38,93.67,37.602766,126.928839
신사2동,3,0,4306.0,561.4200000000001,62.14,47.2,58.14,132.37,66.63,37.602766,126.928839
신사2동,3,1,5001.0,631.0799999999999,59.41,44.81,56.49,128.51,64.68,37.602766,126.928839
신사2동,3,2,5140.0,584.7,56.21,51.37,54.58,43.3,60.3,37.602766,126.928839
신사2동,3,3,3739.2,945.83,61.65,79.94,84.41,8.51,97.26,37.602766,126.928839
신사2동,4,0,4298.0,555.12,51.63,45.19,48.74,139.59,64.25,37.602766,126.928839
신사2동,4,1,4981.0,623.94,50.43,54.35,53.48,131.14,62.88,37.602766,126.928839
신사2동,4,2,5170.0,585.22,47.510000000000005,55.1,49.91,45.31,60.93,37.602766,126.928839
신사2동,4,3,3870.0,979.02,66.72999999999999,83.46000000000001,70.28999999999999,9.19,105.69,37.602766,126.928839
신사2동,5,0,4290.0,541.8299999999999,51.05,45.63,44.74,126.27,60.77,37.602766,126.928839
신사2동,5,1,4963.0,623.1800000000001,54.2,50.07,49.03,124.54,63.11,37.602766,126.928839
신사2동,5,2,5197.0,581.92,46.65,57.21,46.61,46.09,59.33,37.602766,126.928839
신사2동,5,3,3926.0,1003.67,82.69,84.03999999999999,89.72999999999999,8.92,106.8,37.602766,126.928839
신사2동,6,0,4281.0,544.57,50.33,44.31,47.71,127.35,66.15,37.602766,126.928839
신사2동,6,1,4945.0,615.39,47.29,50.91,44.48,126.21,62.9,37.602766,126.928839
신사2동,6,2,5228.0,578.14,46.9,51.42,42.78,47.43,58.67,37.602766,126.928839
신사2동,6,3,3898.0,993.02,88.22,88.15,81.37,9.54,104.48,37.602766,126.928839
신사2동,7,0,4274.0,552.12,50.61,48.3,47.79,128.23000000000002,64.93,37.602766,126.928839
신사2동,7,1,4926.0,615.46,46.34,49.42,56.27,125.23,63.02,37.602766,126.928839
신사2동,7,2,5256.0,581.86,50.49,47.21,48.03,46.15,59.400000000000006,37.602766,126.928839
신사2동,7,3,3918.0,976.79,80.3,81.17,85.89,9.39,100.02,37.602766,126.928839
신사2동,8,0,4265.0,553.44,52.18,48.82,58.4,131.47,60.83,37.602766,126.928839
신사2동,8,1,4907.0,610.99,51.42,45.15,60.99,118.23,59.27,37.602766,126.928839
신사2동,8,2,5287.0,584.84,53.379999999999995,42.88,52.4,44.87,58.83,37.602766,126.928839
신사2동,8,3,3908.0,997.45,80.74000000000001,81.28999999999999,99.62,8.92,104.53,37.602766,126.928839
신사2동,9,0,4258.0,544.34,53.42,48.059999999999995,57.34,129.64,63.24,37.602766,126.928839
신사2동,9,1,4890.0,612.93,59.71,42.1,59.35,118.07,61.35,37.602766,126.928839
신사2동,9,2,5316.0,591.1,56.22,48.72,57.36,45.62,61.24,37.602766,126.928839
신사2동,9,3,3888.0,994.85,92.98,88.55,107.62,9.32,102.48,37.602766,126.928839
신사2동,10,0,4249.0,538.18,50.22,45.919999999999995,45.010000000000005,120.86,60.71,37.602766,126.928839
신사2동,10,1,4872.0,617.0899999999999,64.13,47.43,54.28,118.23,66.28,37.602766,126.928839
신사2동,10,2,5345.0,601.87,60.7,48.23,53.47,45.760000000000005,65.16,37.602766,126.928839
신사2동,10,3,3842.0,1024.95,131.75,90.82,115.62,9.56,101.07,37.602766,126.928839
신사2동,11,0,4242.0,536.98,53.02,45.41,42.62,122.66,59.11,37.602766,126.928839
신사2동,11,1,4853.0,612.85,58.93,43.65,51.73,115.81,65.64,37.602766,126.928839
신사2동,11,2,5375.0,608.2,56.57,47.370000000000005,54.84,45.95,63.35,37.602766,126.928839
신사2동,11,3,3699.0,940.49,116.9,81.68,117.22,9.31,98.2,37.602766,126.928839
신사2동,12,0,3721.0,474.62,46.94,32.14,38.81,109.64,53.75,37.602766,126.928839
신사2동,12,1,3766.0,476.63,44.24,38.31,41.41,94.7,51.74,37.602766,126.928839
신사2동,12,2,4738.0,527.27,51.150000000000006,39.71,47.37,41.26,50.96,37.602766,126.928839
신사2동,12,3,4000.0,1025.18,130.54,90.97,119.1,9.7,103.36,37.602766,126.928839
증산동,1,0,3891.0,495.22,38.53,47.2,27.66,149.77,50.239999999999995,37.584166,126.905952
증산동,1,1,4480.0,544.5699999999999,35.94,60.64,24.7,128.73,42.07,37.584166,126.905952
증산동,1,2,4625.0,476.43,24.51,56.75,18.75,45.48,34.35,37.584166,126.905952
증산동,1,3,3008.7,635.97,35.370000000000005,59.559999999999995,19.25,7.630000000000001,46.65,37.584166,126.905952
증산동,2,0,3883.0,492.89,39.23,42.79,30.15,150.2,45.34,37.584166,126.905952
증산동,2,1,4464.0,536.09,37.96,55.28,27.76,129.05,44.38,37.584166,126.905952
증산동,2,2,4651.0,479.36,25.94,59.84,20.37,44.67,37.29,37.584166,126.905952
증산동,2,3,3068.8,652.78,46.11,66.54,23.55,7.67,48.55,37.584166,126.905952
증산동,3,0,3876.0,484.1,34.73,53.379999999999995,27.99,146.78,44.8,37.584166,126.905952
증산동,3,1,4449.0,535.26,36.42,60.31,24.72,130.5,43.49,37.584166,126.905952
증산동,3,2,4679.0,488.39,28.29,63.98,21.99,44.07,38.42,37.584166,126.905952
증산동,3,3,3241.4,680.11,45.18,72.45,20.65,7.98,47.01,37.584166,126.905952
증산동,4,0,3871.0,470.3200000000001,34.24,48.510000000000005,24.53,140.67000000000002,43.05,37.584166,126.905952
증산동,4,1,4431.0,530.17,33.07,64.10000000000001,29.84,129.3,43.39,37.584166,126.905952
증산동,4,2,4706.0,490.56,25.5,62.84,23.43,45.88,37.13,37.584166,126.905952
증산동,4,3,3346.0,694.91,31.08,79.31,22.24,8.39,49.239999999999995,37.584166,126.905952
증산동,5,0,3862.0,457.45,23.35,52.21,24.75,137.27,39.31,37.584166,126.905952
증산동,5,1,4415.0,530.06,33.37,61.86,27.9,129.32,43.54,37.584166,126.905952
증산동,5,2,4733.0,494.55,23.37,63.14,26.25,47.010000000000005,36.24,37.584166,126.905952
증산동,5,3,3253.0,674.28,44.06,80.04,23.75,8.58,46.68,37.584166,126.905952
증산동,6,0,3856.0,465.12,22.71,50.17,23.25,133.61,38.55,37.584166,126.905952
증산동,6,1,4399.0,521.1,33.89,54.35,23.81,125.16,42.43,37.584166,126.905952
증산동,6,2,4757.0,491.34,26.26,59.54,26.29,45.89,38.0,37.584166,126.905952
증산동,6,3,3257.0,678.74,49.84,76.22,25.81,8.58,50.05,37.584166,126.905952
증산동,7,0,3849.0,472.08,27.44,53.620000000000005,21.79,133.86,41.5,37.584166,126.905952
증산동,7,1,4382.0,523.12,28.51,55.97,23.7,123.65,42.38,37.584166,126.905952
증산동,7,2,4785.0,499.3,26.76,59.81,19.65,44.45,41.52,37.584166,126.905952
증산동,7,3,3244.01,672.12,39.45,70.64,10.94,8.17,50.24,37.584166,126.905952
증산동,8,0,3842.0,469.79,27.369999999999997,56.33,24.29,137.34,40.18,37.584166,126.905952
증산동,8,1,4366.0,523.87,28.42,61.48,22.97,124.48,43.23,37.584166,126.905952
증산동,8,2,4813.0,504.23,27.909999999999997,64.1,18.02,44.98,43.05,37.584166,126.905952
증산동,8,3,3263.0,683.09,33.17,74.71,10.28,8.03,52.08,37.584166,126.905952
증산동,9,0,3834.0,465.0700000000001,28.0,54.52,21.83,147.24,41.92,37.584166,126.905952
증산동,9,1,4350.0,524.54,27.76,60.26,19.89,143.99,44.54,37.584166,126.905952
증산동,9,2,4838.0,504.88,24.06,63.620000000000005,14.35,48.010000000000005,44.02,37.584166,126.905952
증산동,9,3,3283.0,698.3399999999999,27.46,74.36,9.39,8.33,51.28,37.584166,126.905952
증산동,10,0,3826.0,458.01,30.1,50.77,21.92,138.63,37.870000000000005,37.584166,126.905952
증산동,10,1,4332.0,525.6800000000001,26.23,50.25,23.22,134.51,40.97,37.584166,126.905952
증산동,10,2,4866.0,513.73,25.71,63.09,16.39,48.0,46.06,37.584166,126.905952
증산동,10,3,3304.0,730.45,33.349999999999994,72.3,8.79,8.5,55.2,37.584166,126.905952
증산동,11,0,3820.0,453.76,27.21,47.04,21.07,134.60000000000002,38.94,37.584166,126.905952
증산동,11,1,4316.0,521.02,23.6,50.96,19.3,123.38,42.24,37.584166,126.905952
증산동,11,2,4892.0,512.03,25.06,56.46,16.509999999999998,47.53,46.2,37.584166,126.905952
증산동,11,3,3341.0,706.04,38.97,63.99,25.46,8.54,51.14,37.584166,126.905952
증산동,12,0,3586.0,426.57,24.03,41.86,19.21,128.86,37.56,37.584166,126.905952
증산동,12,1,3710.0,440.03,23.54,42.88,22.34,106.93,35.15,37.584166,126.905952
증산동,12,2,4461.0,484.16,27.39,54.52,21.93,43.1,42.76,37.584166,126.905952
증산동,12,3,3627.0,781.54,45.62,75.84,20.74,9.29,60.11,37.584166,126.905952
수색동,1,0,3283.0,548.75,47.05,40.33,41.22,125.31,42.55,37.585574,126.894529
수색동,1,1,3769.2,584.37,46.18,35.96,32.98,105.57,32.84,37.585574,126.894529
수색동,1,2,4350.0,514.76,48.66,39.94,33.06,39.25,31.32,37.585574,126.894529
수색동,1,3,2916.6,804.5799999999999,113.12,78.38,75.84,6.14,99.87,37.585574,126.894529
수색동,2,0,3278.0,545.13,47.0,43.05,44.76,130.3,39.83,37.585574,126.894529
수색동,2,1,3778.4,587.47,46.94,38.55,38.09,107.09,37.58,37.585574,126.894529
수색동,2,2,4397.4,522.87,49.010000000000005,39.76,33.519999999999996,39.11,34.3,37.585574,126.894529
수색동,2,3,2949.8,815.25,116.25,80.9,88.67,6.16,96.63,37.585574,126.894529
수색동,3,0,3291.7,537.27,39.17,44.22,46.46,133.07999999999998,40.95,37.585574,126.894529
수색동,3,1,4030.4,622.12,37.18,38.8,40.54,119.94,36.49,37.585574,126.894529
수색동,3,2,4486.0,529.29,38.5,39.34,36.120000000000005,41.379999999999995,31.58,37.585574,126.894529
수색동,3,3,2998.6,824.3199999999999,82.69,85.97999999999999,110.56,6.699999999999999,99.83,37.585574,126.894529
수색동,4,0,3346.0,536.69,37.59,36.71,44.66,130.76,39.57,37.585574,126.894529
수색동,4,1,4040.0,626.98,35.26,39.1,42.61,114.84,38.81,37.585574,126.894529
수색동,4,2,4581.0,541.05,31.62,46.239999999999995,34.72,42.04,30.77,37.585574,126.894529
수색동,4,3,3070.0,832.84,64.08000000000001,82.38,108.56,7.73,96.31,37.585574,126.894529
수색동,5,0,3394.0,515.2,36.379999999999995,36.43,38.59,117.42000000000002,37.8,37.585574,126.894529
수색동,5,1,4093.0,616.91,32.57,36.59,39.54,102.31,39.6,37.585574,126.894529
수색동,5,2,4581.0,539.66,36.63,36.87,33.43,40.74,29.47,37.585574,126.894529
수색동,5,3,3113.0,854.55,72.53,88.32,97.91,7.38,100.59,37.585574,126.894529
수색동,6,0,3387.0,542.4300000000001,34.38,37.78,38.18,128.91,42.15,37.585574,126.894529
수색동,6,1,4092.0,635.47,32.99,45.95,39.89,120.63,38.59,37.585574,126.894529
수색동,6,2,4614.0,550.49,35.59,45.06,33.26,45.3,30.85,37.585574,126.894529
수색동,6,3,3141.0,862.87,72.71,95.16,89.96000000000001,8.42,105.94,37.585574,126.894529
수색동,7,0,3400.0,546.76,40.01,42.89,43.0,124.54,40.21,37.585574,126.894529
수색동,7,1,4027.0,625.47,38.0,42.129999999999995,44.75,117.86,39.08,37.585574,126.894529
수색동,7,2,4640.0,548.97,40.33,44.04,33.11,44.9,30.39,37.585574,126.894529
수색동,7,3,3151.0,869.51,77.67999999999999,89.92,112.19,7.92,108.24,37.585574,126.894529
수색동,8,0,3447.0,560.4300000000001,44.760000000000005,39.68,46.64,121.44,42.18,37.585574,126.894529
수색동,8,1,4067.0,631.6700000000001,48.03,40.1,47.36,111.14,37.04,37.585574,126.894529
수색동,8,2,4662.0,549.6800000000001,46.120000000000005,41.46,36.1,42.4,31.43,37.585574,126.894529
수색동,8,3,3190.0,892.91,95.84,99.7,122.08,7.529999999999999,110.96,37.585574,126.894529
수색동,9,0,3360.0,537.38,42.42,44.51,43.18,119.01,40.48,37.585574,126.894529
수색동,9,1,4001.0,623.28,42.28,44.98,42.8,115.75,39.87,37.585574,126.894529
수색동,9,2,4694.0,556.4300000000001,48.11,42.53,33.769999999999996,43.52,34.41,37.585574,126.894529
수색동,9,3,3210.0,904.82,91.64,103.46,83.34,7.92,110.99,37.585574,126.894529
수색동,10,0,3434.0,548.6800000000001,37.81,47.78,33.11,126.95,42.16,37.585574,126.894529
수색동,10,1,4035.0,636.37,36.0,42.9,36.07,119.2,40.86,37.585574,126.894529
수색동,10,2,4751.0,567.75,43.52,49.98,29.33,45.91,32.21,37.585574,126.894529
수색동,10,3,3256.0,950.86,82.3,101.69,54.74,8.6,118.83,37.585574,126.894529
수색동,11,0,3353.0,533.53,33.52,42.91,29.68,122.03,40.35,37.585574,126.894529
수색동,11,1,3916.0,612.7,33.019999999999996,37.93,32.93,114.76,42.02,37.585574,126.894529
수색동,11,2,4691.0,563.86,38.48,48.48,29.12,47.32,30.91,37.585574,126.894529
수색동,11,3,3272.0,923.67,66.78999999999999,103.61,86.35,8.48,117.79,37.585574,126.894529
수색동,12,0,4028.0,648.72,39.48,57.7,41.02,157.54,46.14,37.585574,126.894529
수색동,12,1,4639.0,728.31,39.98,47.010000000000005,40.72,142.59,46.71,37.585574,126.894529
수색동,12,2,4824.0,578.5799999999999,40.45,52.67,33.69,49.65,33.51,37.585574,126.894529
수색동,12,3,2998.0,841.26,55.97,97.15,73.36,8.66,109.0,37.585574,126.894529
진관동,1,0,8186.0,1846.59,185.09,125.23,164.72,284.51,142.52,37.639681,126.937804
진관동,1,1,14185.0,1506.92,145.09,87.19,128.85,372.88,109.37,37.639681,126.937804
진관동,1,2,10494.6,751.88,65.11,41.26,45.75,94.27,44.93,37.639681,126.937804
진관동,1,3,6907.1,1070.98,121.57,119.66,96.96,19.56,87.15,37.639681,126.937804
진관동,2,0,8172.0,1856.36,193.01,138.72,183.48,291.57000000000005,143.72,37.639681,126.937804
진관동,2,1,14132.0,1507.11,157.45,90.73,134.31,372.98,109.87,37.639681,126.937804
진관동,2,2,10642.6,771.27,63.59,46.46,49.39,93.61,48.6,37.639681,126.937804
진관동,2,3,7158.6,1127.12,131.24,125.57,103.82,20.18,91.2,37.639681,126.937804
진관동,3,0,8159.0,1855.53,196.6,137.9,185.63,270.02,146.98,37.639681,126.937804
진관동,3,1,14243.1,1520.51,144.48,96.54,135.59,375.15,111.85,37.639681,126.937804
진관동,3,2,11182.2,807.15,71.85,47.57,47.71,94.4,50.34,37.639681,126.937804
진관동,3,3,7672.200000000001,1184.84,139.20999999999998,132.46,98.01,20.94,95.98,37.639681,126.937804
진관동,4,0,8146.0,1838.53,213.97,130.86,175.84,257.77,146.05,37.639681,126.937804
진관동,4,1,14301.0,1535.27,160.72,98.23,125.82,355.06,108.32,37.639681,126.937804
진관동,4,2,11497.0,833.96,74.84,48.74,50.82,95.88,51.39,37.639681,126.937804
진관동,4,3,8144.0,1250.99,161.86,143.35,98.42,22.56,100.46,37.639681,126.937804
진관동,5,0,8130.0,1827.81,199.17,128.38,155.46,245.94,146.94,37.639681,126.937804
진관동,5,1,14327.0,1539.47,157.3,105.85,123.85,342.36,107.54,37.639681,126.937804
진관동,5,2,11802.0,855.74,86.84,50.24,52.53,98.31,52.08,37.639681,126.937804
진관동,5,3,8328.0,1293.52,181.72,139.1,101.07,21.27,106.46,37.639681,126.937804
진관동,6,0,8116.0,1826.55,193.04,133.26,148.19,249.02,141.93,37.639681,126.937804
진관동,6,1,14244.0,1525.24,162.47,83.65,133.95,338.82,106.69,37.639681,126.937804
진관동,6,2,11594.0,839.76,89.00999999999999,46.86,51.27,96.99,51.66,37.639681,126.937804
진관동,6,3,8248.0,1288.34,196.9,136.02,117.87,21.78,106.97,37.639681,126.937804
진관동,7,0,8104.0,1852.44,200.54,138.18,180.49,244.85,141.98,37.639681,126.937804
진관동,7,1,14180.0,1520.91,171.23,85.81,128.79,337.51,110.7,37.639681,126.937804
진관동,7,2,11704.0,844.69,89.49,43.78,55.7,96.53,51.98,37.639681,126.937804
진관동,7,3,8240.0,1284.97,194.59,140.13,125.78,21.04,114.34,37.639681,126.937804
진관동,8,0,8090.0,1868.68,218.67,143.7,179.23,246.26,135.63,37.639681,126.937804
진관동,8,1,14131.0,1519.15,188.21,83.62,135.3,328.94,109.13,37.639681,126.937804
진관동,8,2,11755.0,847.87,95.74,46.34,57.2,94.14,50.53,37.639681,126.937804
진관동,8,3,8396.0,1326.95,210.34,140.29,135.49,21.0,117.15,37.639681,126.937804
진관동,9,0,8076.0,1817.81,224.52,137.43,196.0,241.16000000000005,131.39,37.639681,126.937804
진관동,9,1,14095.0,1519.75,189.05,80.68,147.11,314.43,107.39,37.639681,126.937804
진관동,9,2,11742.0,854.0799999999999,99.83,47.59,61.79,91.19,52.36,37.639681,126.937804
진관동,9,3,8318.0,1329.92,211.97,147.98000000000002,157.01,20.17,114.93,37.639681,126.937804
진관동,10,0,8062.0,1796.1,218.94,121.82,169.13,228.08,138.72,37.639681,126.937804
진관동,10,1,14051.0,1522.56,179.71,89.58,144.79,315.98,108.02,37.639681,126.937804
진관동,10,2,11714.0,861.74,96.41,49.06,59.51,93.2,54.0,37.639681,126.937804
진관동,10,3,8332.0,1397.6,221.54,152.7,163.72,20.13,117.09,37.639681,126.937804
진관동,11,0,8050.0,1782.87,230.49,127.82,176.78,218.95,140.43,37.639681,126.937804
진관동,11,1,13927.0,1513.94,179.81,87.75,137.14,310.11,108.41,37.639681,126.937804
진관동,11,2,11587.0,858.31,98.0,45.96,59.17,93.81,53.81,37.639681,126.937804
진관동,11,3,8098.0,1297.5500000000002,218.22,134.14999999999998,131.97,19.72,110.49,37.639681,126.937804
진관동,12,0,9146.0,2039.17,238.43,168.74,189.99,266.01,155.6,37.639681,126.937804
진관동,12,1,11735.0,1169.22,133.22,63.91,102.01,246.89,82.83,37.639681,126.937804
진관동,12,2,12555.0,917.99,98.17,48.81,62.12,103.38,53.3,37.639681,126.937804
진관동,12,3,9130.0,1478.06,238.89,153.85,149.95,22.34,125.5,37.639681,126.937804
불광2동,1,0,6118.0,1306.2,133.35,142.36,119.35,214.12,146.08,37.602766,126.928839
불광2동,1,1,6454.0,1174.75,134.95,138.13,145.46,163.82999999999998,131.78,37.602766,126.928839
불광2동,1,2,7016.0,1134.66,143.12,153.45,141.68,53.53,129.17000000000002,37.602766,126.928839
불광2동,1,3,5194.0,1635.5,201.3,137.57999999999998,186.88,10.64,210.8,37.602766,126.928839
불광2동,2,0,6107.0,1315.28,128.67000000000002,136.24,139.1,216.12,142.73,37.602766,126.928839
불광2동,2,1,6433.0,1165.34,133.57999999999998,119.92,143.07,166.69,128.47,37.602766,126.928839
불광2동,2,2,7056.0,1135.26,146.67,138.06,146.59,52.2,126.56,37.602766,126.928839
불광2동,2,3,5343.8,1704.67,196.22,148.46,204.84,10.67,223.8,37.602766,126.928839
불광2동,3,0,6098.0,1307.1699999999998,132.95,126.61,127.81,214.11,142.23000000000002,37.602766,126.928839
불광2동,3,1,6408.0,1169.04,130.61,143.2,130.65,160.96,138.38,37.602766,126.928839
불광2동,3,2,7094.0,1132.96,140.06,141.6,135.97,51.57,127.0,37.602766,126.928839
불광2동,3,3,5654.4,1778.1799999999998,198.81,157.35,199.68,11.19,223.37,37.602766,126.928839
불광2동,4,0,6087.0,1290.17,105.69,135.26,118.46,214.55,143.44,37.602766,126.928839
불광2동,4,1,6384.0,1165.37,120.41,133.43,119.08,161.88,136.85,37.602766,126.928839
불광2동,4,2,7134.0,1158.21,122.72,133.13,116.0,54.65,133.47,37.602766,126.928839
불광2동,4,3,5557.0,1745.58,172.41,152.53,147.77,11.91,218.23,37.602766,126.928839
불광2동,5,0,6077.0,1268.37,106.16,117.17,116.06,198.72,142.11,37.602766,126.928839
불광2동,5,1,6360.0,1161.57,114.37,109.89,112.24,158.43,129.78,37.602766,126.928839
불광2동,5,2,7174.0,1150.73,116.95,130.6,114.02,56.95,119.69,37.602766,126.928839
불광2동,5,3,5455.0,1710.92,162.53,152.45,158.91,11.78,216.72,37.602766,126.928839
불광2동,6,0,6067.0,1273.21,93.54,108.06,115.5,199.61,146.15,37.602766,126.928839
불광2동,6,1,6336.0,1159.59,110.78,109.43,115.73,166.36,122.4,37.602766,126.928839
불광2동,6,2,7213.0,1155.63,109.36,130.55,120.91,59.83,129.18,37.602766,126.928839
불광2동,6,3,5440.0,1691.15,156.48,161.34,161.81,12.92,209.5,37.602766,126.928839
불광2동,7,0,6057.0,1281.22,105.15,119.2,120.94,204.86,153.94,37.602766,126.928839
불광2동,7,1,6314.0,1155.75,106.24,109.79,117.46,171.28,126.5,37.602766,126.928839
불광2동,7,2,7253.0,1164.57,105.76,128.01,114.86,60.12,131.57999999999998,37.602766,126.928839
불광2동,7,3,5453.0,1692.41,141.24,160.52,164.42000000000002,12.85,216.01,37.602766,126.928839
불광2동,8,0,6048.0,1284.6799999999998,112.57,123.94,121.21,205.52,156.98000000000002,37.602766,126.928839
불광2동,8,1,6290.0,1152.65,120.73,120.39,124.96,167.85,133.63,37.602766,126.928839
불광2동,8,2,7291.0,1166.8,109.89,129.42000000000002,119.05,59.4,132.45,37.602766,126.928839
불광2동,8,3,5496.0,1713.17,160.91,160.46,186.6,12.85,218.72,37.602766,126.928839
불광2동,9,0,6037.0,1267.77,115.4,118.56,119.97,199.5,159.35,37.602766,126.928839
불광2동,9,1,6267.0,1163.43,122.74,125.34,122.51,171.43,132.93,37.602766,126.928839
불광2동,9,2,7332.0,1176.65,116.56,130.70000000000002,111.02,60.56,128.91,37.602766,126.928839
불광2동,9,3,5477.0,1716.1,176.04,157.74,161.12,12.72,219.14,37.602766,126.928839
불광2동,10,0,6027.0,1253.21,122.48,122.77,124.28,192.32,150.85,37.602766,126.928839
불광2동,10,1,6243.0,1156.25,124.77,116.98,126.51,160.96,131.9,37.602766,126.928839
불광2동,10,2,7370.0,1203.35,128.54,134.8,120.52,59.65,130.86,37.602766,126.928839
불광2동,10,3,5509.0,1789.62,162.53,172.46,180.69,12.94,214.46,37.602766,126.928839
불광2동,11,0,6017.0,1238.33,123.89,125.43,111.49,182.51,146.92000000000002,37.602766,126.928839
불광2동,11,1,6219.0,1145.21,142.15,99.33,137.75,152.21,126.14,37.602766,126.928839
불광2동,11,2,7410.0,1217.24,135.23,123.5,130.29,58.91,137.63,37.602766,126.928839
불광2동,11,3,5568.0,1763.9299999999998,185.81,154.28,204.56,12.44,225.15,37.602766,126.928839
불광2동,12,0,5833.0,1212.02,113.9,113.81,115.12,183.18,145.06,37.602766,126.928839
불광2동,12,1,4788.0,883.11,104.25,79.18,101.71,116.88,100.95,37.602766,126.928839
불광2동,12,2,6892.0,1155.57,130.22,118.02,123.7,54.209999999999994,133.17,37.602766,126.928839
불광2동,12,3,6170.0,1985.68,208.47,167.37,223.21,13.07,253.63,37.602766,126.928839
응암3동,1,0,5519.0,1257.4499999999998,110.8,145.2,104.49,200.26,144.22,37.602766,126.928839
응암3동,1,1,5950.0,1192.48,134.1,139.72,134.02,148.74,140.51,37.602766,126.928839
응암3동,1,2,6129.0,1277.01,152.78,155.79,133.31,47.41,179.03,37.602766,126.928839
응암3동,1,3,4601.0,1334.83,134.44,93.51,94.19,9.41,168.53,37.602766,126.928839
응암3동,2,0,5510.0,1253.52,115.67,129.94,97.54,213.76,128.81,37.602766,126.928839
응암3동,2,1,5929.0,1195.99,144.93,144.32999999999998,132.95,156.78,140.5,37.602766,126.928839
응암3동,2,2,6165.0,1285.25,150.77,168.16,143.31,49.629999999999995,181.36,37.602766,126.928839
응암3동,2,3,4658.0,1371.8,141.71,100.88,115.98,9.75,172.87,37.602766,126.928839
응암3동,3,0,5500.0,1239.14,125.45,139.6,90.65,199.59,139.44,37.602766,126.928839
응암3동,3,1,5907.0,1189.62,142.38,136.36,149.98000000000002,150.75,137.69,37.602766,126.928839
응암3동,3,2,6198.0,1305.25,147.1,173.15,153.25,46.71,188.42,37.602766,126.928839
응암3동,3,3,4770.2,1385.81,150.36,97.22,126.31,9.47,174.1,37.602766,126.928839
응암3동,4,0,5490.0,1227.01,108.2,140.53,91.81,192.64,137.52,37.602766,126.928839
응암3동,4,1,5886.0,1189.08,129.45,128.47,138.64,142.37,143.62,37.602766,126.928839
응암3동,4,2,6232.0,1308.68,165.93,165.20000000000002,152.69,44.9,174.57,37.602766,126.928839
응암3동,4,3,4855.0,1398.2,141.35,103.32,138.68,9.7,171.1,37.602766,126.928839
응암3동,5,0,5483.0,1199.23,111.52,148.57999999999998,92.37,169.26999999999998,119.86,37.602766,126.928839
응암3동,5,1,5863.0,1157.41,137.03,119.67,139.92000000000002,129.46,128.95,37.602766,126.928839
응암3동,5,2,6265.0,1266.7,173.54,142.1,154.06,43.88,165.57999999999998,37.602766,126.928839
응암3동,5,3,4990.0,1440.05,148.37,108.75,159.64999999999998,9.6,176.93,37.602766,126.928839
응암3동,6,0,5473.0,1227.32,107.59,117.34,89.87,174.95,133.17000000000002,37.602766,126.928839
응암3동,6,1,5842.0,1169.7,139.09,119.11,127.93,135.34,130.09,37.602766,126.928839
응암3동,6,2,6301.0,1287.47,166.88,145.07,143.57999999999998,45.03,167.85,37.602766,126.928839
응암3동,6,3,5000.0,1454.96,164.98,113.53,159.51,10.12,190.55,37.602766,126.928839
응암3동,7,0,5463.0,1227.7,101.63,142.63,92.06,183.68,129.73,37.602766,126.928839
응암3동,7,1,5820.0,1166.68,124.24,133.84,128.3,142.47,126.86,37.602766,126.928839
응암3동,7,2,6333.0,1296.23,144.42,155.47,137.23000000000002,47.91,162.56,37.602766,126.928839
응암3동,7,3,5041.0,1448.13,121.75,109.24,123.21,10.35,179.35,37.602766,126.928839
응암3동,8,0,5454.0,1224.01,92.17,150.14,96.46,186.03,132.06,37.602766,126.928839
응암3동,8,1,5797.0,1157.1,112.91,125.41,126.12,142.62,129.75,37.602766,126.928839
응암3동,8,2,6367.0,1295.5,142.13,164.24,144.57999999999998,48.24,159.34,37.602766,126.928839
응암3동,8,3,5026.0,1451.07,98.65,113.55,140.45,10.57,174.37,37.602766,126.928839
응암3동,9,0,5447.0,1205.71,99.94,130.99,95.62,181.78,129.98,37.602766,126.928839
응암3동,9,1,5776.0,1158.73,129.98,130.59,131.14,145.5,134.26999999999998,37.602766,126.928839
응암3동,9,2,6402.0,1302.17,140.61,157.71,140.07,49.0,161.56,37.602766,126.928839
응암3동,9,3,5047.0,1476.92,116.75,117.88,127.0,10.32,185.69,37.602766,126.928839
응암3동,10,0,5436.0,1189.1,105.48,128.46,94.51,178.56,124.93,37.602766,126.928839
응암3동,10,1,5754.0,1156.56,127.06,137.8,122.75,142.71,137.86,37.602766,126.928839
응암3동,10,2,6437.0,1323.79,149.05,156.15,148.34,49.18,161.28,37.602766,126.928839
응암3동,10,3,5104.0,1561.08,123.57,124.01,148.23,10.39,192.92,37.602766,126.928839
응암3동,11,0,5427.0,1191.63,106.25,123.57,105.72,173.11,128.37,37.602766,126.928839
응암3동,11,1,5734.0,1144.86,121.09,121.14,122.46,133.11,127.89,37.602766,126.928839
응암3동,11,2,6470.0,1345.59,155.19,167.15,149.62,48.9,170.23,37.602766,126.928839
응암3동,11,3,5159.0,1515.09,133.13,118.18,131.72,10.55,186.15,37.602766,126.928839
응암3동,12,0,5098.0,1119.84,101.73,122.37,97.25,163.18,123.12,37.602766,126.928839
응암3동,12,1,4503.0,905.32,85.48,117.52,97.72,111.71,97.44,37.602766,126.928839
응암3동,12,2,5735.0,1204.17,134.64,152.49,140.9,44.06,158.95,37.602766,126.928839
응암3동,12,3,5801.0,1742.39,151.95,135.67000000000002,141.19,12.08,213.58,37.602766,126.928839
역촌동,1,0,10248.0,1626.22,197.54,139.55,185.9,322.37,186.06,37.604582,126.914611
역촌동,1,1,11885.0,1573.56,194.86,105.11,187.82,285.69,161.25,37.604582,126.914611
역촌동,1,2,10393.0,1122.52,119.47,95.6,119.59,81.26,122.32,37.604582,126.914611
역촌동,1,3,7160.6,1837.97,270.36,143.81,213.09,15.4,184.63,37.604582,126.914611
역촌동,2,0,10229.0,1654.61,182.31,143.56,166.3,358.39,179.16,37.604582,126.914611
역촌동,2,1,11842.0,1578.64,175.24,104.88,153.77,303.26,169.64,37.604582,126.914611
역촌동,2,2,10450.0,1116.4,111.27,96.29,106.7,87.02,117.96,37.604582,126.914611
역촌동,2,3,7468.400000000001,1928.91,234.93,148.23000000000002,163.51999999999998,16.64,198.85,37.604582,126.914611
역촌동,3,0,10210.0,1646.58,175.31,149.34,165.13,360.39,181.18,37.604582,126.914611
역촌동,3,1,11797.0,1575.16,173.17000000000002,119.71,154.7,314.36,170.92,37.604582,126.914611
역촌동,3,2,10508.0,1126.84,111.4,105.3,101.82,88.79,120.95,37.604582,126.914611
역촌동,3,3,7849.0,2013.6,241.45,170.99,161.03,17.22,206.1,37.604582,126.914611
역촌동,4,0,10188.0,1627.66,180.85,149.43,182.02,327.13,183.27,37.604582,126.914611
역촌동,4,1,11754.0,1564.24,190.81,110.68,193.22,280.5,170.48,37.604582,126.914611
역촌동,4,2,10567.0,1136.05,124.21,99.31,128.55,82.56,122.36,37.604582,126.914611
역촌동,4,3,8177.0,2102.43,255.32,166.78,227.86,16.73,218.33,37.604582,126.914611
역촌동,5,0,10170.0,1590.15,185.66,145.37,173.48000000000002,300.44,177.31,37.604582,126.914611
역촌동,5,1,11709.0,1566.37,206.34,117.55,211.33,274.78999999999996,169.37,37.604582,126.914611
역촌동,5,2,10626.0,1129.93,129.93,99.91,131.08,81.66,115.55,37.604582,126.914611
역촌동,5,3,8223.0,2125.42,281.43,158.5,262.09000000000003,16.32,215.59,37.604582,126.914611
역촌동,6,0,10150.0,1608.29,192.7,141.66,189.83,307.81,186.46,37.604582,126.914611
역촌동,6,1,11667.0,1553.18,208.08,106.94,205.83,269.32,174.89,37.604582,126.914611
역촌동,6,2,10685.0,1137.56,130.41,98.4,132.47,83.47,118.27,37.604582,126.914611
역촌동,6,3,8108.0,2089.02,292.7,157.98000000000002,277.74,16.96,216.63,37.604582,126.914611
역촌동,7,0,10130.0,1613.56,196.7,145.61,199.31,309.5,182.89,37.604582,126.914611
역촌동,7,1,11623.0,1540.77,202.37,94.65,219.96,270.57,173.48000000000002,37.604582,126.914611
역촌동,7,2,10743.0,1159.38,138.92,95.62,144.93,82.35,125.61,37.604582,126.914611
역촌동,7,3,8093.0,2076.63,323.14,157.2,321.65999999999997,16.69,217.45,37.604582,126.914611
역촌동,8,0,10111.0,1628.87,200.29,154.79,206.01,311.34000000000003,184.07,37.604582,126.914611
역촌동,8,1,11579.0,1537.15,204.29,101.39,228.77,262.51,176.66,37.604582,126.914611
역촌동,8,2,10803.0,1170.54,137.45,96.04,147.96,80.9,126.37,37.604582,126.914611
역촌동,8,3,8106.0,2100.44,322.71,164.98,323.28,16.47,215.47,37.604582,126.914611
역촌동,9,0,10091.0,1620.15,201.93,131.03,202.19,311.72,184.87,37.604582,126.914611
역촌동,9,1,11536.0,1546.53,202.66,106.12,216.78,264.01,170.36,37.604582,126.914611
역촌동,9,2,10860.0,1178.45,143.26999999999998,104.54,148.85,81.99,125.06,37.604582,126.914611
역촌동,9,3,8116.0,2133.9700000000003,299.22,163.37,300.99,16.34,230.96,37.604582,126.914611
역촌동,10,0,10071.0,1592.58,184.62,143.6,183.36,313.53999999999996,177.14,37.604582,126.914611
역촌동,10,1,11492.0,1548.43,186.78,104.2,201.07,268.15,170.44,37.604582,126.914611
역촌동,10,2,10918.0,1196.38,138.23,101.01,139.15,84.78,133.75,37.604582,126.914611
역촌동,10,3,8137.0,2220.69,293.81,178.07,275.0,17.45,227.38,37.604582,126.914611
역촌동,11,0,10053.0,1568.72,175.8,146.26,178.18,302.63,178.31,37.604582,126.914611
역촌동,11,1,11448.0,1531.09,183.04,106.82,193.61,263.15,160.29,37.604582,126.914611
역촌동,11,2,10977.0,1218.12,135.11,107.38,141.61,87.08,139.16,37.604582,126.914611
역촌동,11,3,7962.0,2067.26,261.03,162.52,253.54,17.82,208.25,37.604582,126.914611
역촌동,12,0,8836.0,1362.34,141.64,115.89,152.18,270.75,152.79000000000002,37.604582,126.914611
역촌동,12,1,9105.0,1178.9,142.91,84.49,156.82,194.53,121.56,37.604582,126.914611
역촌동,12,2,10919.0,1207.12,143.43,104.77,151.72,86.13,140.18,37.604582,126.914611
역촌동,12,3,8900.0,2364.77,321.78999999999996,177.88,299.38,18.54,243.76,37.604582,126.914611
